x_center,y_center,box_length,score
364.0,834.0,35.0,0.8261168003082275
297.0,564.0,24.0,0.8203032612800598
940.0,958.0,21.0,0.632556140422821
