x_center,y_center,box_length,score
343.0,660.0,26.0,0.7571017146110535
966.0,139.0,24.0,0.6421868205070496
