x_center,y_center,box_length,score
92.0,960.0,43.0,0.7064805626869202
139.0,720.0,32.0,0.552042543888092
