x_center,y_center,box_length,score
947.0,339.0,21.0,0.7995009422302246
350.0,478.0,35.0,0.7982950806617737
667.0,443.0,32.0,0.7532737851142883
836.0,29.0,21.0,0.6597091555595398
186.0,64.0,19.0,0.657538890838623
251.0,544.0,29.0,0.6340388655662537
788.0,107.0,26.0,0.5879423022270203
713.0,60.0,19.0,0.5374946594238281
33.0,795.0,24.0,0.5343263745307922
711.0,953.0,17.0,0.534196138381958
995.0,349.0,17.0,0.5079612731933594
