x_center,y_center,box_length,score
864.0,992.0,32.0,0.8307972550392151
994.0,929.0,42.0,0.7537747621536255
527.0,33.0,23.0,0.581316351890564
