x_center,y_center,box_length,score
953.0,173.0,21.0,0.6255753040313721
962.0,503.0,29.0,0.6060819625854492
