x_center,y_center,box_length,score
417.0,738.0,35.0,0.6174044609069824
259.0,454.0,43.0,0.6025238633155823
220.0,488.0,19.0,0.5212481617927551
