x_center,y_center,box_length,score
232.0,710.0,19.0,0.5410135984420776
555.0,744.0,21.0,0.5357566475868225
386.0,389.0,26.0,0.5299907922744751
