x_center,y_center,box_length,score
684.0,1011.0,21.0,0.7420152425765991
565.0,51.0,29.0,0.5642202496528625
536.0,62.0,21.0,0.5472270846366882
494.0,54.0,24.0,0.5392899513244629
602.0,105.0,24.0,0.531532883644104
574.0,77.0,32.0,0.5287573933601379
