x_center,y_center,box_length,score
234.0,205.0,64.0,0.590257465839386
853.0,703.0,44.0,0.5378400683403015
