x_center,y_center,box_length,score
516.0,580.0,40.0,0.6809335350990295
541.0,119.0,58.0,0.6808310747146606
596.0,132.0,50.0,0.5719752907752991
