x_center,y_center,box_length,score
825.0,209.0,21.0,0.7049651741981506
778.0,612.0,24.0,0.6710628867149353
936.0,869.0,24.0,0.6689497828483582
302.0,928.0,24.0,0.6309598684310913
124.0,64.0,29.0,0.5744257569313049
751.0,517.0,40.0,0.5493499040603638
739.0,804.0,21.0,0.5363198518753052
