x_center,y_center,box_length,score
991.0,809.0,26.0,0.7363178730010986
680.0,939.0,32.0,0.6796066164970398
599.0,433.0,29.0,0.6272892355918884
129.0,264.0,80.0,0.5834323763847351
319.0,434.0,29.0,0.5713520646095276
381.0,237.0,24.0,0.568662166595459
855.0,696.0,21.0,0.5548521280288696
874.0,78.0,31.0,0.5485635995864868
928.0,150.0,17.0,0.5441532731056213
771.0,22.0,17.0,0.5367830395698547
384.0,989.0,25.0,0.5239472389221191
685.0,541.0,21.0,0.512474775314331
