x_center,y_center,box_length,score
568.0,828.0,43.0,0.8701998591423035
936.0,422.0,29.0,0.6683019399642944
