x_center,y_center,box_length,score
738.0,633.0,37.0,0.7696619033813477
454.0,65.0,29.0,0.6755126118659973
479.0,56.0,34.0,0.6750565767288208
