x_center,y_center,box_length,score
38.0,772.0,26.0,0.7766295671463013
399.0,495.0,17.0,0.6141926646232605
534.0,981.0,19.0,0.5449432134628296
43.0,639.0,21.0,0.5324767231941223
353.0,465.0,21.0,0.5258182883262634
