x_center,y_center,box_length,score
330.0,516.0,21.0,0.7271333932876587
382.0,933.0,24.0,0.6244598031044006
926.0,911.0,19.0,0.5715362429618835
385.0,607.0,26.0,0.567866861820221
146.0,974.0,21.0,0.5244211554527283
