x_center,y_center,box_length,score
349.0,179.0,24.0,0.6594634056091309
523.0,885.0,21.0,0.5891693234443665
33.0,719.0,23.0,0.5504236817359924
