x_center,y_center,box_length,score
829.0,157.0,21.0,0.548103392124176
725.0,569.0,17.0,0.5149875283241272
479.0,689.0,17.0,0.5074446201324463
