x_center,y_center,box_length,score
207.0,153.0,50.0,0.6591436266899109
266.0,220.0,32.0,0.5639601349830627
