x_center,y_center,box_length,score
630.0,918.0,21.0,0.7109673023223877
971.0,321.0,35.0,0.6009241938591003
571.0,359.0,21.0,0.5746327638626099
