x_center,y_center,box_length,score
73.0,700.0,35.0,0.8221571445465088
145.0,743.0,37.0,0.7155066132545471
76.0,855.0,72.0,0.6629161238670349
233.0,719.0,45.0,0.6600490212440491
327.0,664.0,53.0,0.5500799417495728
30.0,213.0,40.0,0.5199106335639954
265.0,727.0,24.0,0.501331627368927
