x_center,y_center,box_length,score
453.0,748.0,48.0,0.8686817288398743
922.0,990.0,50.0,0.8124558925628662
535.0,1014.0,17.0,0.5340166091918945
