x_center,y_center,box_length,score
784.0,548.0,54.0,0.7850530743598938
62.0,588.0,36.0,0.5397190451622009
