x_center,y_center,box_length,score
498.0,173.0,21.0,0.5718750953674316
146.0,437.0,24.0,0.5609972476959229
