x_center,y_center,box_length,score
145.0,129.0,26.0,0.6346973180770874
975.0,548.0,26.0,0.587834358215332
22.0,59.0,24.0,0.5220786929130554
