x_center,y_center,box_length,score
806.0,766.0,24.0,0.7011020183563232
870.0,913.0,21.0,0.62352454662323
231.0,72.0,19.0,0.5610759258270264
