x_center,y_center,box_length,score
389.0,552.0,36.0,0.6157280802726746
298.0,592.0,19.0,0.5886499285697937
