x_center,y_center,box_length,score
335.0,364.0,29.0,0.6984301805496216
132.0,923.0,32.0,0.6979832649230957
992.0,782.0,24.0,0.6654119491577148
351.0,778.0,24.0,0.6447908282279968
116.0,750.0,21.0,0.6170416474342346
880.0,470.0,26.0,0.6072065830230713
908.0,498.0,26.0,0.5570454597473145
376.0,629.0,32.0,0.5526318550109863
419.0,514.0,26.0,0.5068408846855164
