x_center,y_center,box_length,score
984.0,754.0,24.0,0.7608345746994019
26.0,407.0,24.0,0.6868507862091064
429.0,888.0,19.0,0.6313378214836121
772.0,683.0,50.0,0.5134481191635132
474.0,701.0,17.0,0.5078920125961304
375.0,99.0,19.0,0.5071933269500732
