x_center,y_center,box_length,score
749.0,963.0,40.0,0.8153049349784851
575.0,542.0,32.0,0.7638974189758301
344.0,610.0,24.0,0.693911075592041
