x_center,y_center,box_length,score
415.0,25.0,29.0,0.6492011547088623
438.0,42.0,19.0,0.5221890807151794
