x_center,y_center,box_length,score
992.0,246.0,21.0,0.5867925882339478
905.0,962.0,17.0,0.5502036213874817
272.0,496.0,19.0,0.5386335849761963
852.0,266.0,17.0,0.5144330859184265
