x_center,y_center,box_length,score
856.0,500.0,29.0,0.8026658892631531
471.0,1012.0,24.0,0.6564496159553528
406.0,24.0,19.0,0.5752624273300171
