x_center,y_center,box_length,score
231.0,497.0,32.0,0.7081065773963928
522.0,365.0,24.0,0.6770974397659302
611.0,966.0,26.0,0.6702129244804382
