x_center,y_center,box_length,score
947.0,342.0,40.0,0.8704225420951843
228.0,240.0,48.0,0.8185625672340393
746.0,163.0,43.0,0.8156793117523193
325.0,455.0,32.0,0.6092843413352966
627.0,506.0,24.0,0.5489038228988647
260.0,425.0,17.0,0.5462411642074585
