x_center,y_center,box_length,score
1005.0,504.0,31.0,0.7745839357376099
334.0,51.0,29.0,0.7720236778259277
495.0,877.0,32.0,0.748994767665863
55.0,471.0,35.0,0.7425890564918518
332.0,147.0,21.0,0.7213770747184753
381.0,886.0,29.0,0.6617408990859985
210.0,958.0,29.0,0.6553077697753906
589.0,619.0,29.0,0.6298794746398926
143.0,164.0,32.0,0.6146381497383118
514.0,904.0,21.0,0.5136973261833191
