x_center,y_center,box_length,score
870.0,364.0,29.0,0.5562350749969482
923.0,65.0,21.0,0.5261244773864746
972.0,200.0,26.0,0.5163697004318237
