x_center,y_center,box_length,score
124.0,959.0,37.0,0.8236555457115173
350.0,396.0,29.0,0.6929523944854736
655.0,687.0,21.0,0.6747375130653381
596.0,768.0,19.0,0.5669100880622864
630.0,772.0,19.0,0.5628252625465393
711.0,120.0,19.0,0.5570980310440063
343.0,952.0,17.0,0.5281866192817688
676.0,980.0,17.0,0.5201238989830017
