x_center,y_center,box_length,score
117.0,988.0,21.0,0.6875702738761902
951.0,130.0,17.0,0.610077977180481
721.0,995.0,37.0,0.5170106291770935
