x_center,y_center,box_length,score
850.0,935.0,53.0,0.5808528065681458
907.0,918.0,40.0,0.5641583204269409
975.0,836.0,32.0,0.5556346774101257
867.0,882.0,45.0,0.5502194762229919
