x_center,y_center,box_length,score
576.0,566.0,21.0,0.6861898303031921
507.0,581.0,21.0,0.6373600959777832
