x_center,y_center,box_length,score
578.0,706.0,46.0,0.7439391613006592
116.0,368.0,54.0,0.737521231174469
136.0,245.0,29.0,0.7226954698562622
493.0,126.0,24.0,0.7005881667137146
741.0,712.0,19.0,0.5225327610969543
