x_center,y_center,box_length,score
778.0,659.0,26.0,0.8104522824287415
758.0,918.0,29.0,0.6986451148986816
963.0,449.0,35.0,0.6386321187019348
584.0,502.0,21.0,0.5610496401786804
470.0,998.0,26.0,0.5177580118179321
901.0,282.0,27.0,0.5092082023620605
283.0,260.0,17.0,0.5091146230697632
