x_center,y_center,box_length,score
809.0,848.0,29.0,0.7821696996688843
853.0,791.0,45.0,0.7784229516983032
834.0,844.0,26.0,0.6527888178825378
677.0,666.0,32.0,0.6084606051445007
838.0,684.0,32.0,0.5591464638710022
864.0,732.0,21.0,0.556974470615387
