x_center,y_center,box_length,score
119.0,181.0,80.0,0.5847799181938171
142.0,103.0,32.0,0.5840671062469482
86.0,63.0,29.0,0.5619488954544067
