x_center,y_center,box_length,score
496.0,975.0,24.0,0.6638492345809937
776.0,501.0,23.0,0.6002916097640991
427.0,224.0,17.0,0.5043173432350159
