x_center,y_center,box_length,score
136.0,370.0,35.0,0.816256046295166
453.0,584.0,29.0,0.6726809740066528
107.0,316.0,21.0,0.6630121469497681
47.0,712.0,24.0,0.6466321349143982
240.0,766.0,21.0,0.6259078979492188
789.0,703.0,26.0,0.5683672428131104
221.0,890.0,19.0,0.5526017546653748
572.0,21.0,19.0,0.5001514554023743
