x_center,y_center,box_length,score
959.0,643.0,43.0,0.8495997786521912
48.0,897.0,29.0,0.8396670818328857
954.0,823.0,45.0,0.7955770492553711
843.0,913.0,40.0,0.716188371181488
736.0,918.0,35.0,0.6912469863891602
974.0,168.0,35.0,0.6768532991409302
684.0,709.0,23.0,0.5212799310684204
