x_center,y_center,box_length,score
613.0,638.0,32.0,0.8009224534034729
905.0,728.0,21.0,0.5076850056648254
