x_center,y_center,box_length,score
203.0,779.0,26.0,0.7536366581916809
239.0,998.0,17.0,0.5681447982788086
950.0,594.0,26.0,0.5394318699836731
538.0,579.0,17.0,0.5176980495452881
