x_center,y_center,box_length,score
650.0,608.0,29.0,0.5868380069732666
877.0,448.0,19.0,0.5566263198852539
640.0,504.0,17.0,0.5463979244232178
