x_center,y_center,box_length,score
452.0,71.0,19.0,0.6223300099372864
87.0,91.0,37.0,0.6139976978302002
490.0,544.0,26.0,0.566945493221283
285.0,166.0,37.0,0.561717689037323
