x_center,y_center,box_length,score
704.0,397.0,37.0,0.7001811861991882
531.0,353.0,19.0,0.5119962096214294
