x_center,y_center,box_length,score
667.0,918.0,25.0,0.7850519418716431
641.0,239.0,24.0,0.7592523694038391
509.0,570.0,29.0,0.7360205054283142
558.0,955.0,21.0,0.7089354395866394
189.0,296.0,32.0,0.6293575167655945
643.0,843.0,19.0,0.5865237712860107
1011.0,389.0,19.0,0.5814035534858704
834.0,648.0,24.0,0.5550201535224915
