x_center,y_center,box_length,score
896.0,898.0,17.0,0.6078382730484009
213.0,973.0,17.0,0.5102159380912781
