x_center,y_center,box_length,score
968.0,868.0,37.0,0.8016276955604553
244.0,24.0,24.0,0.7078989744186401
406.0,883.0,29.0,0.6599404811859131
379.0,331.0,65.0,0.6098407506942749
