x_center,y_center,box_length,score
40.0,749.0,35.0,0.8250965476036072
317.0,104.0,35.0,0.797021746635437
876.0,914.0,26.0,0.7576445937156677
831.0,878.0,29.0,0.6704137921333313
855.0,781.0,24.0,0.633726954460144
713.0,583.0,26.0,0.5864611864089966
73.0,355.0,29.0,0.5847744941711426
836.0,897.0,21.0,0.5784730315208435
521.0,323.0,26.0,0.5373587608337402
82.0,861.0,26.0,0.5046123266220093
