x_center,y_center,box_length,score
601.0,204.0,26.0,0.7059617638587952
420.0,130.0,21.0,0.5484207272529602
