x_center,y_center,box_length,score
994.0,495.0,29.0,0.7517567276954651
755.0,159.0,17.0,0.527709424495697
