x_center,y_center,box_length,score
869.0,967.0,37.0,0.7017914056777954
343.0,901.0,23.0,0.5737008452415466
