x_center,y_center,box_length,score
330.0,963.0,26.0,0.8127760291099548
684.0,354.0,17.0,0.5630976557731628
121.0,993.0,17.0,0.5130757689476013
