x_center,y_center,box_length,score
945.0,102.0,21.0,0.6484910845756531
962.0,364.0,24.0,0.5969339609146118
966.0,850.0,24.0,0.5890596508979797
609.0,901.0,21.0,0.5602723956108093
832.0,619.0,21.0,0.5230114459991455
