x_center,y_center,box_length,score
657.0,428.0,21.0,0.6694338321685791
742.0,205.0,24.0,0.6040942668914795
