x_center,y_center,box_length,score
774.0,210.0,88.0,0.5755442380905151
901.0,523.0,48.0,0.5182141661643982
