x_center,y_center,box_length,score
737.0,373.0,29.0,0.7638760805130005
663.0,670.0,26.0,0.7374590039253235
428.0,755.0,21.0,0.7097786664962769
791.0,971.0,29.0,0.705385148525238
112.0,161.0,26.0,0.6937854290008545
956.0,55.0,21.0,0.6696362495422363
861.0,549.0,17.0,0.5355969667434692
200.0,138.0,21.0,0.5255162715911865
960.0,875.0,21.0,0.5171676278114319
38.0,229.0,17.0,0.5138348340988159
564.0,88.0,17.0,0.5098404884338379
961.0,892.0,21.0,0.5065209865570068
