x_center,y_center,box_length,score
246.0,871.0,21.0,0.7234129309654236
758.0,913.0,17.0,0.5142480134963989
