x_center,y_center,box_length,score
613.0,218.0,29.0,0.7304944396018982
711.0,101.0,32.0,0.618711531162262
