x_center,y_center,box_length,score
834.0,744.0,17.0,0.6481430530548096
67.0,422.0,21.0,0.6251590251922607
754.0,779.0,17.0,0.6136134266853333
727.0,456.0,19.0,0.5321489572525024
764.0,492.0,19.0,0.5014399886131287
