x_center,y_center,box_length,score
767.0,896.0,29.0,0.7782008647918701
573.0,904.0,29.0,0.7731850147247314
384.0,936.0,29.0,0.7613077163696289
453.0,996.0,21.0,0.5753647089004517
494.0,998.0,21.0,0.5619140267372131
