x_center,y_center,box_length,score
698.0,76.0,21.0,0.6528828144073486
528.0,866.0,17.0,0.6215822696685791
429.0,686.0,17.0,0.5334078669548035
581.0,410.0,17.0,0.5164840221405029
671.0,441.0,17.0,0.5038061738014221
