x_center,y_center,box_length,score
467.0,503.0,21.0,0.6987823247909546
15.0,837.0,21.0,0.6090502142906189
