x_center,y_center,box_length,score
122.0,77.0,48.0,0.7356676459312439
487.0,328.0,50.0,0.7136651873588562
369.0,55.0,71.0,0.6841038465499878
184.0,62.0,50.0,0.5781534314155579
629.0,319.0,24.0,0.5123739838600159
