x_center,y_center,box_length,score
199.0,261.0,37.0,0.7170666456222534
644.0,701.0,26.0,0.6948375105857849
841.0,842.0,24.0,0.6893609762191772
698.0,95.0,32.0,0.6860198974609375
96.0,913.0,26.0,0.6736792922019958
134.0,226.0,26.0,0.6531516313552856
694.0,612.0,21.0,0.5552291870117188
854.0,267.0,23.0,0.5435206294059753
670.0,1012.0,21.0,0.5153701305389404
