x_center,y_center,box_length,score
896.0,561.0,17.0,0.50664883852005
895.0,593.0,26.0,0.5020116567611694
