x_center,y_center,box_length,score
885.0,114.0,29.0,0.6091495156288147
639.0,775.0,17.0,0.5280662775039673
