x_center,y_center,box_length,score
589.0,565.0,17.0,0.5878462195396423
562.0,501.0,17.0,0.5674408078193665
