x_center,y_center,box_length,score
23.0,489.0,35.0,0.7851221561431885
242.0,305.0,34.0,0.7426174879074097
104.0,866.0,26.0,0.6688388586044312
375.0,885.0,21.0,0.5041055083274841
