x_center,y_center,box_length,score
960.0,652.0,26.0,0.8098535537719727
117.0,644.0,26.0,0.69331955909729
799.0,920.0,29.0,0.6872389912605286
627.0,628.0,26.0,0.5921573638916016
