x_center,y_center,box_length,score
505.0,307.0,32.0,0.751059353351593
483.0,924.0,24.0,0.7471188306808472
1007.0,445.0,32.0,0.7128741145133972
942.0,234.0,43.0,0.6578940749168396
916.0,406.0,40.0,0.536898136138916
