x_center,y_center,box_length,score
954.0,318.0,59.0,0.8962819576263428
432.0,101.0,48.0,0.7260226011276245
949.0,49.0,82.0,0.5635020136833191
