x_center,y_center,box_length,score
882.0,68.0,35.0,0.712821364402771
578.0,304.0,82.0,0.5126888155937195
