x_center,y_center,box_length,score
224.0,589.0,37.0,0.7188396453857422
704.0,22.0,21.0,0.6263522505760193
27.0,161.0,40.0,0.6145017743110657
837.0,543.0,29.0,0.567674994468689
958.0,528.0,24.0,0.5303330421447754
122.0,369.0,29.0,0.5003027319908142
