x_center,y_center,box_length,score
283.0,647.0,24.0,0.7766801118850708
165.0,392.0,26.0,0.6826179623603821
88.0,764.0,24.0,0.5864579081535339
590.0,684.0,19.0,0.5715261101722717
948.0,535.0,19.0,0.5392974019050598
