x_center,y_center,box_length,score
74.0,723.0,64.0,0.5310258269309998
31.0,730.0,40.0,0.5091783404350281
