x_center,y_center,box_length,score
412.0,549.0,19.0,0.6673455238342285
291.0,620.0,19.0,0.6323629021644592
776.0,533.0,26.0,0.6128441691398621
773.0,921.0,23.0,0.6017187237739563
379.0,740.0,19.0,0.6008114218711853
325.0,348.0,19.0,0.5736667513847351
221.0,232.0,17.0,0.5435059070587158
689.0,949.0,21.0,0.5429285168647766
263.0,442.0,17.0,0.5288638472557068
698.0,690.0,19.0,0.5268784761428833
474.0,750.0,21.0,0.5228972434997559
