x_center,y_center,box_length,score
560.0,702.0,45.0,0.7940441966056824
440.0,614.0,26.0,0.7868492603302002
460.0,755.0,43.0,0.7268804907798767
266.0,713.0,40.0,0.7146577835083008
147.0,860.0,21.0,0.6922091841697693
150.0,564.0,32.0,0.6897331476211548
506.0,871.0,24.0,0.6840123534202576
555.0,642.0,40.0,0.5832779407501221
