x_center,y_center,box_length,score
929.0,969.0,24.0,0.7345683574676514
722.0,698.0,19.0,0.6418570280075073
794.0,493.0,21.0,0.6032701730728149
964.0,956.0,19.0,0.5849574208259583
986.0,806.0,17.0,0.502794623374939
