x_center,y_center,box_length,score
645.0,869.0,24.0,0.7624134421348572
909.0,682.0,24.0,0.7141531705856323
199.0,526.0,24.0,0.6953796744346619
417.0,241.0,17.0,0.6361626386642456
456.0,51.0,19.0,0.5566374659538269
519.0,393.0,17.0,0.5429481267929077
825.0,203.0,19.0,0.5421048402786255
263.0,949.0,17.0,0.532839834690094
541.0,178.0,17.0,0.515304446220398
619.0,761.0,17.0,0.5102418065071106
318.0,60.0,19.0,0.5037202835083008
