x_center,y_center,box_length,score
507.0,274.0,26.0,0.7372194528579712
631.0,817.0,24.0,0.6763432025909424
573.0,812.0,19.0,0.5729807615280151
269.0,191.0,40.0,0.5052486062049866
