x_center,y_center,box_length,score
257.0,450.0,32.0,0.7340047359466553
268.0,152.0,21.0,0.7203001379966736
635.0,109.0,24.0,0.5136476755142212
