x_center,y_center,box_length,score
485.0,632.0,21.0,0.5421645641326904
710.0,311.0,21.0,0.520832359790802
