x_center,y_center,box_length,score
378.0,10.0,19.0,0.5956199765205383
429.0,658.0,21.0,0.5540249347686768
