x_center,y_center,box_length,score
35.0,212.0,21.0,0.7124885320663452
779.0,744.0,21.0,0.6283125281333923
718.0,534.0,29.0,0.6168292164802551
465.0,236.0,24.0,0.616219699382782
556.0,926.0,32.0,0.6123455762863159
464.0,680.0,32.0,0.6067372560501099
758.0,564.0,19.0,0.5642370581626892
729.0,574.0,21.0,0.5407786965370178
108.0,138.0,19.0,0.5338546633720398
37.0,365.0,26.0,0.5321207046508789
143.0,362.0,17.0,0.5127237439155579
231.0,927.0,17.0,0.5091716647148132
