x_center,y_center,box_length,score
257.0,465.0,48.0,0.7322644591331482
237.0,786.0,45.0,0.7316437363624573
984.0,976.0,26.0,0.6760552525520325
338.0,81.0,71.0,0.5369345545768738
