x_center,y_center,box_length,score
482.0,671.0,32.0,0.7901199460029602
736.0,446.0,35.0,0.7744003534317017
429.0,277.0,35.0,0.74221271276474
674.0,378.0,32.0,0.7402507662773132
847.0,166.0,29.0,0.6644769310951233
650.0,689.0,26.0,0.5292685627937317
529.0,220.0,17.0,0.5280020833015442
