x_center,y_center,box_length,score
794.0,908.0,21.0,0.7363699674606323
290.0,791.0,26.0,0.7240651845932007
993.0,91.0,24.0,0.7048412561416626
917.0,591.0,25.0,0.6594724655151367
188.0,134.0,53.0,0.6491879224777222
838.0,530.0,19.0,0.6357908844947815
900.0,462.0,21.0,0.573137104511261
383.0,310.0,17.0,0.5612323880195618
240.0,265.0,24.0,0.5342038869857788
642.0,895.0,17.0,0.5334405899047852
