x_center,y_center,box_length,score
165.0,315.0,21.0,0.6790565252304077
774.0,556.0,21.0,0.652093231678009
