x_center,y_center,box_length,score
139.0,322.0,21.0,0.5914344787597656
374.0,113.0,17.0,0.5857627987861633
159.0,898.0,19.0,0.5462309718132019
881.0,991.0,17.0,0.5168628692626953
392.0,732.0,21.0,0.5003706216812134
834.0,487.0,17.0,0.5003470182418823
