x_center,y_center,box_length,score
912.0,526.0,24.0,0.726464033126831
81.0,1005.0,21.0,0.6641409397125244
