x_center,y_center,box_length,score
217.0,99.0,35.0,0.7629641890525818
116.0,467.0,21.0,0.621528685092926
350.0,915.0,17.0,0.5943276286125183
61.0,440.0,17.0,0.578640341758728
507.0,206.0,19.0,0.5450031161308289
367.0,972.0,17.0,0.5066951513290405
