x_center,y_center,box_length,score
637.0,571.0,21.0,0.6466736197471619
910.0,471.0,24.0,0.5490370988845825
